user_id,poi_id,timestamp,predicted_score
4b1ee9ebf964a5207e2124e3,Sun Mar 10 03:21:54 +0000 2013,480,0.27016965005234583
4b058815f964a520a7b022e3,Mon Nov 26 11:48:54 +0000 2012,480,0.3091878379231331
4b058815f964a520a7b022e3,Thu Dec 13 12:06:50 +0000 2012,480,0.2011862629293074
4c853176ee6fef3bd6893a5c,Thu Apr 12 09:58:27 +0000 2012,480,0.33711504721465024
4b077a2cf964a520fdfd22e3,Thu Apr 12 09:58:27 +0000 2012,480,0.3926360006343232
4b077a2cf964a520fdfd22e3,Sat Jul 07 10:15:56 +0000 2012,480,0.3275592444135265
4b077a2cf964a520fdfd22e3,Sun Jul 08 11:48:31 +0000 2012,480,0.2470547803230721
4b058819f964a520dfb122e3,Wed May 16 02:54:28 +0000 2012,480,0.2798242531008389
4b058819f964a520dfb122e3,Sat Aug 18 05:32:32 +0000 2012,480,0.22265847189545462
